,CandidateID,CandidateName,CandidateNameEng,Gender,Age,PartyID,SymbolID,SymbolName,SymbolNameEng,PoliticalPartyName,PoliticalPartyNameEng,TotalVoteReceived,Remarks,RemarksEng,PostId,Ward,id,GaPa_NaPa,districtId,districtIdy,district,stateId,state
0,187597,पुषकर राज जोशी,Psker Raj Joshi,पुरुष,43,2,2,सूर्य,,नेपाल कम्युनिष्ट पार्टी (एमाले),Nepal Communist Party (UML),6585,निर्वाचित,Elected,3,,5720,दशरथचन्द नगरपालिका,73,73,बैतडी,7.0,सुदूरपश्चिम प्रदेश
1,202222,गजेन्द्र सिह रावल,Gajendra Singh Rawal,पुरुष,48,1,1,रुख,,नेपाली काँग्रेस,Nepali Congress,5427,,,3,,5720,दशरथचन्द नगरपालिका,73,73,बैतडी,7.0,सुदूरपश्चिम प्रदेश
2,257609,प्रेम सिंह थापा,Prem Singh Thapa,पुरुष,49,3,3,गोलाकारभित्र हसिया हथौडा,,नेपाल कम्युनिष्ट पार्टी (माओवादी केन्द्र),Communist Party of Nepal (Maoist-Centre),410,,,3,,5720,दशरथचन्द नगरपालिका,73,73,बैतडी,7.0,सुदूरपश्चिम प्रदेश
3,243637,चन्द्र सिंह थापा,Chandra Singh Thapa,पुरुष,49,4,2279,हलो,,राष्ट्रिय प्रजातन्त्र पार्टी,Rastriya Prajatantra Party,176,,,3,,5720,दशरथचन्द नगरपालिका,73,73,बैतडी,7.0,सुदूरपश्चिम प्रदेश
4,174456,आन सिंह भण्डारी,Aan Singh Bhandari,पुरुष,55,117,2278,ढल्केको छाता,,"जनता समाजवादी पार्टी, नेपाल ",,24,,,3,,5720,दशरथचन्द नगरपालिका,73,73,बैतडी,7.0,सुदूरपश्चिम प्रदेश
5,217622,दिपक राज शर्मा,Dipak Raj Sharma,पुरुष,23,999,2316,पुतली,,स्वतन्त्र,Independent ,5,,,3,,5720,दशरथचन्द नगरपालिका,73,73,बैतडी,7.0,सुदूरपश्चिम प्रदेश
6,202401,कुमारी कौशिला चन्द,Kumari Kausila Chand,महिला,41,1,1,रुख,,नेपाली काँग्रेस,Nepali Congress,6170,निर्वाचित,Elected,4,,5720,दशरथचन्द नगरपालिका,73,73,बैतडी,7.0,सुदूरपश्चिम प्रदेश
7,187684,सरस्वति नेपाली,Sarswati Nepali,महिला,40,2,2,सूर्य,,नेपाल कम्युनिष्ट पार्टी (एमाले),Nepal Communist Party (UML),5495,,,4,,5720,दशरथचन्द नगरपालिका,73,73,बैतडी,7.0,सुदूरपश्चिम प्रदेश
8,238861,अम्बीका देवि भण्डारी,Ambika Devi Bhandari,महिला,54,4,2279,हलो,,राष्ट्रिय प्रजातन्त्र पार्टी,Rastriya Prajatantra Party,394,,,4,,5720,दशरथचन्द नगरपालिका,73,73,बैतडी,7.0,सुदूरपश्चिम प्रदेश
9,226097,राजु राम भुल,Raju Ram Bhul,पुरुष,46,116,1020,कलम,,नेपाल कम्युनिष्ट पार्टी (एकिकृत समाजबादी) ,Nepal Communist Party(Ekakrit Samajbadi),302,,,4,,5720,दशरथचन्द नगरपालिका,73,73,बैतडी,7.0,सुदूरपश्चिम प्रदेश
10,184325,नन्दा देवी भाट,Nanda Devi Bhat,महिला,46,117,2278,ढल्केको छाता,,"जनता समाजवादी पार्टी, नेपाल ",,27,,,4,,5720,दशरथचन्द नगरपालिका,73,73,बैतडी,7.0,सुदूरपश्चिम प्रदेश
11,187999,बिष्णु दत्त भट्ट,Bishnu Datt Bhatt,पुरुष,38,2,2,सूर्य,,नेपाल कम्युनिष्ट पार्टी (एमाले),Nepal Communist Party (UML),814,निर्वाचित,Elected,5,1.0,5720,दशरथचन्द नगरपालिका,73,73,बैतडी,7.0,सुदूरपश्चिम प्रदेश
12,205653,भुवन राज भट्ट,Bhuwan Raj Bhatt,पुरुष,36,1,1,रुख,,नेपाली काँग्रेस,Nepali Congress,790,,,5,1.0,5720,दशरथचन्द नगरपालिका,73,73,बैतडी,7.0,सुदूरपश्चिम प्रदेश
13,235229,डम्वर राज भट्ट,Dambar Raj B Hatt,पुरुष,49,116,1020,कलम,,नेपाल कम्युनिष्ट पार्टी (एकिकृत समाजबादी) ,Nepal Communist Party(Ekakrit Samajbadi),74,,,5,1.0,5720,दशरथचन्द नगरपालिका,73,73,बैतडी,7.0,सुदूरपश्चिम प्रदेश
14,270944,जै देव लुहार,Jai Dev Luhar,पुरुष,54,3,3,गोलाकारभित्र हसिया हथौडा,,नेपाल कम्युनिष्ट पार्टी (माओवादी केन्द्र),Communist Party of Nepal (Maoist-Centre),9,,,5,1.0,5720,दशरथचन्द नगरपालिका,73,73,बैतडी,7.0,सुदूरपश्चिम प्रदेश
15,241039,दिपक भट्ट,Deepak Bhatt,पुरुष,38,117,2278,ढल्केको छाता,,"जनता समाजवादी पार्टी, नेपाल ",,6,,,5,1.0,5720,दशरथचन्द नगरपालिका,73,73,बैतडी,7.0,सुदूरपश्चिम प्रदेश
16,206516,चक्र बहादुर चन्द,Chakra Bahadur Chand,पुरुष,55,1,1,रुख,,नेपाली काँग्रेस,Nepali Congress,778,निर्वाचित,Elected,6,1.0,5720,दशरथचन्द नगरपालिका,73,73,बैतडी,7.0,सुदूरपश्चिम प्रदेश
17,188469,करन सिंह भाट,Karan Singh Bhat,पुरुष,30,2,2,सूर्य,,नेपाल कम्युनिष्ट पार्टी (एमाले),Nepal Communist Party (UML),772,निर्वाचित,Elected,6,1.0,5720,दशरथचन्द नगरपालिका,73,73,बैतडी,7.0,सुदूरपश्चिम प्रदेश
18,189275,केशव दत्त भट्ट,Keshab Datt Bhatt,पुरुष,53,2,102,दुई सूर्य ,,नेपाल कम्युनिष्ट पार्टी (एमाले),Nepal Communist Party (UML),765,,,6,1.0,5720,दशरथचन्द नगरपालिका,73,73,बैतडी,7.0,सुदूरपश्चिम प्रदेश
19,206149,हरी दत्त भट्ट,Hari Datta Bhatt,पुरुष,53,1,101,दुई रुख,,नेपाली काँग्रेस,Nepali Congress,696,,,6,1.0,5720,दशरथचन्द नगरपालिका,73,73,बैतडी,7.0,सुदूरपश्चिम प्रदेश
20,237123,शंकरे भाट,Shankare Bhat,पुरुष,75,116,2389,दुई वटा कलम,,नेपाल कम्युनिष्ट पार्टी (एकिकृत समाजबादी) ,Nepal Communist Party(Ekakrit Samajbadi),74,,,6,1.0,5720,दशरथचन्द नगरपालिका,73,73,बैतडी,7.0,सुदूरपश्चिम प्रदेश
21,236430,धनि राम भुल,Dhani Ram Bhul,पुरुष,44,116,1020,कलम,,नेपाल कम्युनिष्ट पार्टी (एकिकृत समाजबादी) ,Nepal Communist Party(Ekakrit Samajbadi),71,,,6,1.0,5720,दशरथचन्द नगरपालिका,73,73,बैतडी,7.0,सुदूरपश्चिम प्रदेश
22,224816,हरि दत्त भट्ट,Hari Datt Bhatt,पुरुष,44,4,2279,हलो,,राष्ट्रिय प्रजातन्त्र पार्टी,Rastriya Prajatantra Party,65,,,6,1.0,5720,दशरथचन्द नगरपालिका,73,73,बैतडी,7.0,सुदूरपश्चिम प्रदेश
23,240609,नर बहादुर भाट,Nar Bahadur Bhat,पुरुष,34,117,2278,ढल्केको छाता,,"जनता समाजवादी पार्टी, नेपाल ",,6,,,6,1.0,5720,दशरथचन्द नगरपालिका,73,73,बैतडी,7.0,सुदूरपश्चिम प्रदेश
24,189068,माया पहरी,Maya Pahari,महिला,34,2,2,सूर्य,,नेपाल कम्युनिष्ट पार्टी (एमाले),Nepal Communist Party (UML),798,निर्वाचित,Elected,7,1.0,5720,दशरथचन्द नगरपालिका,73,73,बैतडी,7.0,सुदूरपश्चिम प्रदेश
25,206308,हरु भुल,Haru Bhul,महिला,46,1,1,रुख,,नेपाली काँग्रेस,Nepali Congress,764,,,7,1.0,5720,दशरथचन्द नगरपालिका,73,73,बैतडी,7.0,सुदूरपश्चिम प्रदेश
26,236169,कमला देवी धामी,Kamala Devi Dhami,महिला,46,116,1020,कलम,,नेपाल कम्युनिष्ट पार्टी (एकिकृत समाजबादी) ,Nepal Communist Party(Ekakrit Samajbadi),73,,,7,1.0,5720,दशरथचन्द नगरपालिका,73,73,बैतडी,7.0,सुदूरपश्चिम प्रदेश
27,241303,गोजडी भूल,Gojadi Bhul,महिला,42,117,2278,ढल्केको छाता,,"जनता समाजवादी पार्टी, नेपाल ",,8,,,7,1.0,5720,दशरथचन्द नगरपालिका,73,73,बैतडी,7.0,सुदूरपश्चिम प्रदेश
28,224554,जानकी लुहार,Janaki Luhar,महिला,48,4,2279,हलो,,राष्ट्रिय प्रजातन्त्र पार्टी,Rastriya Prajatantra Party,4,,,7,1.0,5720,दशरथचन्द नगरपालिका,73,73,बैतडी,7.0,सुदूरपश्चिम प्रदेश
29,188075,मानमती भुल,Manmati Bhul,महिला,48,2,2,सूर्य,,नेपाल कम्युनिष्ट पार्टी (एमाले),Nepal Communist Party (UML),781,निर्वाचित,Elected,8,1.0,5720,दशरथचन्द नगरपालिका,73,73,बैतडी,7.0,सुदूरपश्चिम प्रदेश
30,205816,पुटकी लोहार,Putki Lohar,महिला,61,1,1,रुख,,नेपाली काँग्रेस,Nepali Congress,767,,,8,1.0,5720,दशरथचन्द नगरपालिका,73,73,बैतडी,7.0,सुदूरपश्चिम प्रदेश
31,237665,जसु लुहार,Jasu Luhar,महिला,50,116,1020,कलम,,नेपाल कम्युनिष्ट पार्टी (एकिकृत समाजबादी) ,Nepal Communist Party(Ekakrit Samajbadi),93,,,8,1.0,5720,दशरथचन्द नगरपालिका,73,73,बैतडी,7.0,सुदूरपश्चिम प्रदेश
32,189361,सुर्य बहादुर बोहरा,Surya Bahadur Bohara,पुरुष,37,2,2,सूर्य,,नेपाल कम्युनिष्ट पार्टी (एमाले),Nepal Communist Party (UML),957,निर्वाचित,Elected,5,2.0,5720,दशरथचन्द नगरपालिका,73,73,बैतडी,7.0,सुदूरपश्चिम प्रदेश
33,210424,तेज बहादुर बोहरा,Tej Bahadur Bohara,पुरुष,55,1,1,रुख,,नेपाली काँग्रेस,Nepali Congress,878,,,5,2.0,5720,दशरथचन्द नगरपालिका,73,73,बैतडी,7.0,सुदूरपश्चिम प्रदेश
34,248516,गोपाल वहादुर वोहरा,Gopal Bahadur Bohara,पुरुष,39,3,3,गोलाकारभित्र हसिया हथौडा,,नेपाल कम्युनिष्ट पार्टी (माओवादी केन्द्र),Communist Party of Nepal (Maoist-Centre),129,,,5,2.0,5720,दशरथचन्द नगरपालिका,73,73,बैतडी,7.0,सुदूरपश्चिम प्रदेश
35,244833,सुरेन्द्र सिंह धामी,Surendra Singh Dhami,पुरुष,36,116,1020,कलम,,नेपाल कम्युनिष्ट पार्टी (एकिकृत समाजबादी) ,Nepal Communist Party(Ekakrit Samajbadi),18,,,5,2.0,5720,दशरथचन्द नगरपालिका,73,73,बैतडी,7.0,सुदूरपश्चिम प्रदेश
36,182206,नैन सिंह बोहरा,Nain Singh Bohara,पुरुष,59,4,2279,हलो,,राष्ट्रिय प्रजातन्त्र पार्टी,Rastriya Prajatantra Party,13,,,5,2.0,5720,दशरथचन्द नगरपालिका,73,73,बैतडी,7.0,सुदूरपश्चिम प्रदेश
37,189762,राज वहादुर वोहरा,Raj Bahadur Bohara,पुरुष,34,2,102,दुई सूर्य ,,नेपाल कम्युनिष्ट पार्टी (एमाले),Nepal Communist Party (UML),912,निर्वाचित,Elected,6,2.0,5720,दशरथचन्द नगरपालिका,73,73,बैतडी,7.0,सुदूरपश्चिम प्रदेश
38,189831,धन सिंह भण्डारी,Dhan Singh Bhandari,पुरुष,59,2,2,सूर्य,,नेपाल कम्युनिष्ट पार्टी (एमाले),Nepal Communist Party (UML),896,निर्वाचित,Elected,6,2.0,5720,दशरथचन्द नगरपालिका,73,73,बैतडी,7.0,सुदूरपश्चिम प्रदेश
39,211170,कृष्ण विजले,Krishna Bijale,पुरुष,47,1,1,रुख,,नेपाली काँग्रेस,Nepali Congress,862,,,6,2.0,5720,दशरथचन्द नगरपालिका,73,73,बैतडी,7.0,सुदूरपश्चिम प्रदेश
40,211496,बहादुर सिंह बोहरा,Bahadur Singh Bohara,पुरुष,58,1,101,दुई रुख,,नेपाली काँग्रेस,Nepali Congress,811,,,6,2.0,5720,दशरथचन्द नगरपालिका,73,73,बैतडी,7.0,सुदूरपश्चिम प्रदेश
41,250023,सुरेश बहादुर बोहरा,Suresh Bahadur Rokaya,पुरुष,35,3,103,दुई गोलाकारभित्र हँसिया हथौडा ,,नेपाल कम्युनिष्ट पार्टी (माओवादी केन्द्र),Communist Party of Nepal (Maoist-Centre),220,,,6,2.0,5720,दशरथचन्द नगरपालिका,73,73,बैतडी,7.0,सुदूरपश्चिम प्रदेश
42,248847,दिपेन्द्र बहादुर थलाल,Dipendra Bahadur Thalal,पुरुष,23,3,3,गोलाकारभित्र हसिया हथौडा,,नेपाल कम्युनिष्ट पार्टी (माओवादी केन्द्र),Communist Party of Nepal (Maoist-Centre),154,,,6,2.0,5720,दशरथचन्द नगरपालिका,73,73,बैतडी,7.0,सुदूरपश्चिम प्रदेश
43,182410,लाल सिह बोहरा,Lal Singh Bohara,पुरुष,52,4,2279,हलो,,राष्ट्रिय प्रजातन्त्र पार्टी,Rastriya Prajatantra Party,14,,,6,2.0,5720,दशरथचन्द नगरपालिका,73,73,बैतडी,7.0,सुदूरपश्चिम प्रदेश
44,184567,सुमेर लावड,Sumer Lawad,पुरुष,55,4,2391,दुई वटा हलो,,राष्ट्रिय प्रजातन्त्र पार्टी,Rastriya Prajatantra Party,8,,,6,2.0,5720,दशरथचन्द नगरपालिका,73,73,बैतडी,7.0,सुदूरपश्चिम प्रदेश
45,189641,धाना देवी थलाल,Dhana Devi Thalal,महिला,52,2,2,सूर्य,,नेपाल कम्युनिष्ट पार्टी (एमाले),Nepal Communist Party (UML),957,निर्वाचित,Elected,7,2.0,5720,दशरथचन्द नगरपालिका,73,73,बैतडी,7.0,सुदूरपश्चिम प्रदेश
46,210928,मिरा बोहरा,Mira Bohara,महिला,41,1,1,रुख,,नेपाली काँग्रेस,Nepali Congress,792,,,7,2.0,5720,दशरथचन्द नगरपालिका,73,73,बैतडी,7.0,सुदूरपश्चिम प्रदेश
47,249239,कुमारी हरिना महरा  (बोहरा),Kumari Harina Mahara  Bohara,महिला,29,3,3,गोलाकारभित्र हसिया हथौडा,,नेपाल कम्युनिष्ट पार्टी (माओवादी केन्द्र),Communist Party of Nepal (Maoist-Centre),155,,,7,2.0,5720,दशरथचन्द नगरपालिका,73,73,बैतडी,7.0,सुदूरपश्चिम प्रदेश
48,185431,देवकी देवी बोहरा,Davaki Devi Bohara,महिला,60,4,2279,हलो,,राष्ट्रिय प्रजातन्त्र पार्टी,Rastriya Prajatantra Party,22,,,7,2.0,5720,दशरथचन्द नगरपालिका,73,73,बैतडी,7.0,सुदूरपश्चिम प्रदेश
49,189460,निर्मला लोहार,Nimarla Lohar,महिला,37,2,2,सूर्य,,नेपाल कम्युनिष्ट पार्टी (एमाले),Nepal Communist Party (UML),927,निर्वाचित,Elected,8,2.0,5720,दशरथचन्द नगरपालिका,73,73,बैतडी,7.0,सुदूरपश्चिम प्रदेश
50,210655,गीता देवी लावड,Gita Devi Labad,महिला,35,1,1,रुख,,नेपाली काँग्रेस,Nepali Congress,850,,,8,2.0,5720,दशरथचन्द नगरपालिका,73,73,बैतडी,7.0,सुदूरपश्चिम प्रदेश
51,249784,नन्दा लावड,Nanda Labad,महिला,30,3,3,गोलाकारभित्र हसिया हथौडा,,नेपाल कम्युनिष्ट पार्टी (माओवादी केन्द्र),Communist Party of Nepal (Maoist-Centre),166,,,8,2.0,5720,दशरथचन्द नगरपालिका,73,73,बैतडी,7.0,सुदूरपश्चिम प्रदेश
52,183992,तारा लावड,Tara Lawad,महिला,34,4,2279,हलो,,राष्ट्रिय प्रजातन्त्र पार्टी,Rastriya Prajatantra Party,12,,,8,2.0,5720,दशरथचन्द नगरपालिका,73,73,बैतडी,7.0,सुदूरपश्चिम प्रदेश
53,190266,अजब बहादुर पाण्डे,Ajab Bahadur Pandey,पुरुष,43,2,2,सूर्य,,नेपाल कम्युनिष्ट पार्टी (एमाले),Nepal Communist Party (UML),393,निर्वाचित,Elected,5,3.0,5720,दशरथचन्द नगरपालिका,73,73,बैतडी,7.0,सुदूरपश्चिम प्रदेश
54,214167,धन बहादुर क्षेत्री,Dhan Bahadur Kshetri,पुरुष,37,1,1,रुख,,नेपाली काँग्रेस,Nepali Congress,277,,,5,3.0,5720,दशरथचन्द नगरपालिका,73,73,बैतडी,7.0,सुदूरपश्चिम प्रदेश
55,242870,केशव नाथ,Keshab Nath,पुरुष,43,116,1020,कलम,,नेपाल कम्युनिष्ट पार्टी (एकिकृत समाजबादी) ,Nepal Communist Party(Ekakrit Samajbadi),55,,,5,3.0,5720,दशरथचन्द नगरपालिका,73,73,बैतडी,7.0,सुदूरपश्चिम प्रदेश
56,175738,सुरेन्द्र बहादुर पुजारा,Surendra Bahadur Pujara,पुरुष,57,4,2279,हलो,,राष्ट्रिय प्रजातन्त्र पार्टी,Rastriya Prajatantra Party,49,,,5,3.0,5720,दशरथचन्द नगरपालिका,73,73,बैतडी,7.0,सुदूरपश्चिम प्रदेश
57,191435,सुदर्शन बोहरा,Sudarshan Bohara,पुरुष,56,999,2316,पुतली,,स्वतन्त्र,Independent ,0,,,5,3.0,5720,दशरथचन्द नगरपालिका,73,73,बैतडी,7.0,सुदूरपश्चिम प्रदेश
58,190416,गोपाल नाथ,Gopal Nath,पुरुष,42,2,2,सूर्य,,नेपाल कम्युनिष्ट पार्टी (एमाले),Nepal Communist Party (UML),382,निर्वाचित,Elected,6,3.0,5720,दशरथचन्द नगरपालिका,73,73,बैतडी,7.0,सुदूरपश्चिम प्रदेश
59,191050,धनी नाथ,Dhani Nath,पुरुष,38,2,102,दुई सूर्य ,,नेपाल कम्युनिष्ट पार्टी (एमाले),Nepal Communist Party (UML),367,निर्वाचित,Elected,6,3.0,5720,दशरथचन्द नगरपालिका,73,73,बैतडी,7.0,सुदूरपश्चिम प्रदेश
60,216699,गणेश बहादुर पुजारा,Ganesh Bahadur Pujara,पुरुष,55,1,1,रुख,,नेपाली काँग्रेस,Nepali Congress,297,,,6,3.0,5720,दशरथचन्द नगरपालिका,73,73,बैतडी,7.0,सुदूरपश्चिम प्रदेश
61,216954,विर बहादुर नाथ,Bir Bahadur Nath,पुरुष,58,1,101,दुई रुख,,नेपाली काँग्रेस,Nepali Congress,270,,,6,3.0,5720,दशरथचन्द नगरपालिका,73,73,बैतडी,7.0,सुदूरपश्चिम प्रदेश
62,246652,बल्देव नाथ,Baldev Nath,पुरुष,51,116,2389,दुई वटा कलम,,नेपाल कम्युनिष्ट पार्टी (एकिकृत समाजबादी) ,Nepal Communist Party(Ekakrit Samajbadi),47,,,6,3.0,5720,दशरथचन्द नगरपालिका,73,73,बैतडी,7.0,सुदूरपश्चिम प्रदेश
63,243089,नरी नाथ,Nari Nath,पुरुष,66,116,1020,कलम,,नेपाल कम्युनिष्ट पार्टी (एकिकृत समाजबादी) ,Nepal Communist Party(Ekakrit Samajbadi),46,,,6,3.0,5720,दशरथचन्द नगरपालिका,73,73,बैतडी,7.0,सुदूरपश्चिम प्रदेश
64,176376,देवी नाथ,Devi Nath,पुरुष,48,4,2279,हलो,,राष्ट्रिय प्रजातन्त्र पार्टी,Rastriya Prajatantra Party,46,,,6,3.0,5720,दशरथचन्द नगरपालिका,73,73,बैतडी,7.0,सुदूरपश्चिम प्रदेश
65,176722,नरेश बहादुर पाण्डे,Naresh Bahadur Pandey,पुरुष,43,4,2391,दुई वटा हलो,,राष्ट्रिय प्रजातन्त्र पार्टी,Rastriya Prajatantra Party,37,,,6,3.0,5720,दशरथचन्द नगरपालिका,73,73,बैतडी,7.0,सुदूरपश्चिम प्रदेश
66,191695,चन्द्रा नाथ,Chnadra Nath,महिला,38,2,2,सूर्य,,नेपाल कम्युनिष्ट पार्टी (एमाले),Nepal Communist Party (UML),371,निर्वाचित,Elected,7,3.0,5720,दशरथचन्द नगरपालिका,73,73,बैतडी,7.0,सुदूरपश्चिम प्रदेश
67,216304,बसन्ती नाथ,Bashanti Nath,महिला,37,1,1,रुख,,नेपाली काँग्रेस,Nepali Congress,290,,,7,3.0,5720,दशरथचन्द नगरपालिका,73,73,बैतडी,7.0,सुदूरपश्चिम प्रदेश
68,244289,नन्दा टमटा,Nanda Tamata,महिला,46,116,1020,कलम,,नेपाल कम्युनिष्ट पार्टी (एकिकृत समाजबादी) ,Nepal Communist Party(Ekakrit Samajbadi),45,,,7,3.0,5720,दशरथचन्द नगरपालिका,73,73,बैतडी,7.0,सुदूरपश्चिम प्रदेश
69,176143,देवकी नाथ,Debaki Nath,महिला,28,4,2279,हलो,,राष्ट्रिय प्रजातन्त्र पार्टी,Rastriya Prajatantra Party,43,,,7,3.0,5720,दशरथचन्द नगरपालिका,73,73,बैतडी,7.0,सुदूरपश्चिम प्रदेश
70,190816,कलावती लावड,Kalawati Lawad,महिला,36,2,2,सूर्य,,नेपाल कम्युनिष्ट पार्टी (एमाले),Nepal Communist Party (UML),374,निर्वाचित,Elected,8,3.0,5720,दशरथचन्द नगरपालिका,73,73,बैतडी,7.0,सुदूरपश्चिम प्रदेश
71,214627,माया त्रिवा,Maya Triwa,महिला,41,1,1,रुख,,नेपाली काँग्रेस,Nepali Congress,288,,,8,3.0,5720,दशरथचन्द नगरपालिका,73,73,बैतडी,7.0,सुदूरपश्चिम प्रदेश
72,175926,पार्वती ओड,Parwati Od,महिला,42,4,2279,हलो,,राष्ट्रिय प्रजातन्त्र पार्टी,Rastriya Prajatantra Party,50,,,8,3.0,5720,दशरथचन्द नगरपालिका,73,73,बैतडी,7.0,सुदूरपश्चिम प्रदेश
73,244520,पार्वती त्रिवा,Parwati Triwa,महिला,49,116,1020,कलम,,नेपाल कम्युनिष्ट पार्टी (एकिकृत समाजबादी) ,Nepal Communist Party(Ekakrit Samajbadi),49,,,8,3.0,5720,दशरथचन्द नगरपालिका,73,73,बैतडी,7.0,सुदूरपश्चिम प्रदेश
74,191806,भान देव भट्ट,Bhan Dev Bhatt,पुरुष,42,2,2,सूर्य,,नेपाल कम्युनिष्ट पार्टी (एमाले),Nepal Communist Party (UML),732,निर्वाचित,Elected,5,4.0,5720,दशरथचन्द नगरपालिका,73,73,बैतडी,7.0,सुदूरपश्चिम प्रदेश
75,219289,मोहन चन्द,Mohan Chand,पुरुष,67,1,1,रुख,,नेपाली काँग्रेस,Nepali Congress,727,,,5,4.0,5720,दशरथचन्द नगरपालिका,73,73,बैतडी,7.0,सुदूरपश्चिम प्रदेश
76,226326,दिनेश सि‌ह ठगुन्ना,Dinesh Singh Thagunna,पुरुष,28,116,1020,कलम,,नेपाल कम्युनिष्ट पार्टी (एकिकृत समाजबादी) ,Nepal Communist Party(Ekakrit Samajbadi),242,,,5,4.0,5720,दशरथचन्द नगरपालिका,73,73,बैतडी,7.0,सुदूरपश्चिम प्रदेश
77,259151,लाल बहादुर ठगुन्ना,Lal Bahadur Thagunna,पुरुष,53,3,3,गोलाकारभित्र हसिया हथौडा,,नेपाल कम्युनिष्ट पार्टी (माओवादी केन्द्र),Communist Party of Nepal (Maoist-Centre),55,,,5,4.0,5720,दशरथचन्द नगरपालिका,73,73,बैतडी,7.0,सुदूरपश्चिम प्रदेश
78,256200,मोहन सिह ठगुन्ना,Mohan Singh Thagunna,पुरुष,60,4,2279,हलो,,राष्ट्रिय प्रजातन्त्र पार्टी,Rastriya Prajatantra Party,39,,,5,4.0,5720,दशरथचन्द नगरपालिका,73,73,बैतडी,7.0,सुदूरपश्चिम प्रदेश
79,177307,ज्योती कुमारी भण्डारी(  कार्की),Jyati Kumari Bhandari  ,महिला,25,117,2278,ढल्केको छाता,,"जनता समाजवादी पार्टी, नेपाल ",,33,,,5,4.0,5720,दशरथचन्द नगरपालिका,73,73,बैतडी,7.0,सुदूरपश्चिम प्रदेश
80,192649,मोहन बहादुर थापा,Mohan Bahadur Thapa,पुरुष,62,2,102,दुई सूर्य ,,नेपाल कम्युनिष्ट पार्टी (एमाले),Nepal Communist Party (UML),691,निर्वाचित,Elected,6,4.0,5720,दशरथचन्द नगरपालिका,73,73,बैतडी,7.0,सुदूरपश्चिम प्रदेश
81,191994,देव राम लोहार,Dev Ram Lohar,पुरुष,40,2,2,सूर्य,,नेपाल कम्युनिष्ट पार्टी (एमाले),Nepal Communist Party (UML),662,निर्वाचित,Elected,6,4.0,5720,दशरथचन्द नगरपालिका,73,73,बैतडी,7.0,सुदूरपश्चिम प्रदेश
82,219834,हर्क सिह कार्की,Hark Singh Karkee,पुरुष,60,1,101,दुई रुख,,नेपाली काँग्रेस,Nepali Congress,652,,,6,4.0,5720,दशरथचन्द नगरपालिका,73,73,बैतडी,7.0,सुदूरपश्चिम प्रदेश
83,220065,गणेश दत्त भट्ट,Ganesh Datt Bhatt,पुरुष,61,1,1,रुख,,नेपाली काँग्रेस,Nepali Congress,500,,,6,4.0,5720,दशरथचन्द नगरपालिका,73,73,बैतडी,7.0,सुदूरपश्चिम प्रदेश
84,256760,धन बहादुर चन्द,Dhan Bahadur Chand,पुरुष,68,4,2279,हलो,,राष्ट्रिय प्रजातन्त्र पार्टी,Rastriya Prajatantra Party,301,,,6,4.0,5720,दशरथचन्द नगरपालिका,73,73,बैतडी,7.0,सुदूरपश्चिम प्रदेश
85,227671,देवानन्द पाण्डेय,Dewanand Pandey,पुरुष,52,116,2389,दुई वटा कलम,,नेपाल कम्युनिष्ट पार्टी (एकिकृत समाजबादी) ,Nepal Communist Party(Ekakrit Samajbadi),255,,,6,4.0,5720,दशरथचन्द नगरपालिका,73,73,बैतडी,7.0,सुदूरपश्चिम प्रदेश
86,227179,जैदेव पाण्डेय,Jaidev Pandey,पुरुष,49,116,1020,कलम,,नेपाल कम्युनिष्ट पार्टी (एकिकृत समाजबादी) ,Nepal Communist Party(Ekakrit Samajbadi),165,,,6,4.0,5720,दशरथचन्द नगरपालिका,73,73,बैतडी,7.0,सुदूरपश्चिम प्रदेश
87,256366,महादेव पाण्डेय,Mahadev Pandey,पुरुष,58,4,2391,दुई वटा हलो,,राष्ट्रिय प्रजातन्त्र पार्टी,Rastriya Prajatantra Party,117,,,6,4.0,5720,दशरथचन्द नगरपालिका,73,73,बैतडी,7.0,सुदूरपश्चिम प्रदेश
88,187142,भानु वड,Bhanu Wad,महिला,45,117,2278,ढल्केको छाता,,"जनता समाजवादी पार्टी, नेपाल ",,6,,,6,4.0,5720,दशरथचन्द नगरपालिका,73,73,बैतडी,7.0,सुदूरपश्चिम प्रदेश
89,219582,यशोदा चन्द,Yashoda Chand,महिला,39,1,1,रुख,,नेपाली काँग्रेस,Nepali Congress,828,निर्वाचित,Elected,7,4.0,5720,दशरथचन्द नगरपालिका,73,73,बैतडी,7.0,सुदूरपश्चिम प्रदेश
90,192485,कल्पना कुमारी क्षेत्री   राना,Kalpana Kumari Kshettri   Rana,महिला,39,2,2,सूर्य,,नेपाल कम्युनिष्ट पार्टी (एमाले),Nepal Communist Party (UML),645,,,7,4.0,5720,दशरथचन्द नगरपालिका,73,73,बैतडी,7.0,सुदूरपश्चिम प्रदेश
91,226607,चेतना बोहरा,Chetana Bohara,महिला,27,116,1020,कलम,,नेपाल कम्युनिष्ट पार्टी (एकिकृत समाजबादी) ,Nepal Communist Party(Ekakrit Samajbadi),188,,,7,4.0,5720,दशरथचन्द नगरपालिका,73,73,बैतडी,7.0,सुदूरपश्चिम प्रदेश
92,256558,पारभती ठगुन्ना,Parbhati Thagunna,महिला,77,4,2279,हलो,,राष्ट्रिय प्रजातन्त्र पार्टी,Rastriya Prajatantra Party,50,,,7,4.0,5720,दशरथचन्द नगरपालिका,73,73,बैतडी,7.0,सुदूरपश्चिम प्रदेश
93,220382,सुन्नरी सार्की  (भुल),Sunnari Sharki,महिला,32,1,1,रुख,,नेपाली काँग्रेस,Nepali Congress,771,निर्वाचित,Elected,8,4.0,5720,दशरथचन्द नगरपालिका,73,73,बैतडी,7.0,सुदूरपश्चिम प्रदेश
94,192267,पार्वति कुमारि भुल,Parwati Kumari Bhul,महिला,29,2,2,सूर्य,,नेपाल कम्युनिष्ट पार्टी (एमाले),Nepal Communist Party (UML),691,,,8,4.0,5720,दशरथचन्द नगरपालिका,73,73,बैतडी,7.0,सुदूरपश्चिम प्रदेश
95,226870,लक्ष्मी वड,Laxmi Wad,महिला,30,116,1020,कलम,,नेपाल कम्युनिष्ट पार्टी (एकिकृत समाजबादी) ,Nepal Communist Party(Ekakrit Samajbadi),131,,,8,4.0,5720,दशरथचन्द नगरपालिका,73,73,बैतडी,7.0,सुदूरपश्चिम प्रदेश
96,222030,केशव राज लेखक,Keshav Raj Lekhak,पुरुष,41,1,1,रुख,,नेपाली काँग्रेस,Nepali Congress,505,निर्वाचित,Elected,5,5.0,5720,दशरथचन्द नगरपालिका,73,73,बैतडी,7.0,सुदूरपश्चिम प्रदेश
97,192969,नारायण प्रसाद भट्ट,Narayan Prasad Bhatt,पुरुष,48,2,2,सूर्य,,नेपाल कम्युनिष्ट पार्टी (एमाले),Nepal Communist Party (UML),468,,,5,5.0,5720,दशरथचन्द नगरपालिका,73,73,बैतडी,7.0,सुदूरपश्चिम प्रदेश
98,227985,सुधिर भट्ट,Sudhir Bhatt,पुरुष,34,116,1020,कलम,,नेपाल कम्युनिष्ट पार्टी (एकिकृत समाजबादी) ,Nepal Communist Party(Ekakrit Samajbadi),28,,,5,5.0,5720,दशरथचन्द नगरपालिका,73,73,बैतडी,7.0,सुदूरपश्चिम प्रदेश
99,223153,महेश राज जोशी,Mahesh Raj Joshi,पुरुष,43,1,101,दुई रुख,,नेपाली काँग्रेस,Nepali Congress,584,निर्वाचित,Elected,6,5.0,5720,दशरथचन्द नगरपालिका,73,73,बैतडी,7.0,सुदूरपश्चिम प्रदेश
100,223833,गिरिष प्रशाद भट्ट,Girish Prashad Bhatt,पुरुष,33,1,1,रुख,,नेपाली काँग्रेस,Nepali Congress,509,निर्वाचित,Elected,6,5.0,5720,दशरथचन्द नगरपालिका,73,73,बैतडी,7.0,सुदूरपश्चिम प्रदेश
101,193219,द्धिज राज भट्ट,Dwij Raj Bhatt,पुरुष,42,2,2,सूर्य,,नेपाल कम्युनिष्ट पार्टी (एमाले),Nepal Communist Party (UML),429,,,6,5.0,5720,दशरथचन्द नगरपालिका,73,73,बैतडी,7.0,सुदूरपश्चिम प्रदेश
102,193330,हरी प्रसाद भट्ट,Hari Prashad Bhatt,पुरुष,77,2,102,दुई सूर्य ,,नेपाल कम्युनिष्ट पार्टी (एमाले),Nepal Communist Party (UML),414,,,6,5.0,5720,दशरथचन्द नगरपालिका,73,73,बैतडी,7.0,सुदूरपश्चिम प्रदेश
103,229364,सर्मिला जोशी,Sharmila Joshi,महिला,21,116,2389,दुई वटा कलम,,नेपाल कम्युनिष्ट पार्टी (एकिकृत समाजबादी) ,Nepal Communist Party(Ekakrit Samajbadi),27,,,6,5.0,5720,दशरथचन्द नगरपालिका,73,73,बैतडी,7.0,सुदूरपश्चिम प्रदेश
104,228983,चन्द्रावती जोशी,Chandrawati Joshi,महिला,54,116,1020,कलम,,नेपाल कम्युनिष्ट पार्टी (एकिकृत समाजबादी) ,Nepal Communist Party(Ekakrit Samajbadi),21,,,6,5.0,5720,दशरथचन्द नगरपालिका,73,73,बैतडी,7.0,सुदूरपश्चिम प्रदेश
105,223334,नन्दा भट्ट,Nanda Bhatt,महिला,34,1,1,रुख,,नेपाली काँग्रेस,Nepali Congress,533,निर्वाचित,Elected,7,5.0,5720,दशरथचन्द नगरपालिका,73,73,बैतडी,7.0,सुदूरपश्चिम प्रदेश
106,192846,बसन्ती भट्ट,Basanti Bhatt,महिला,36,2,2,सूर्य,,नेपाल कम्युनिष्ट पार्टी (एमाले),Nepal Communist Party (UML),415,,,7,5.0,5720,दशरथचन्द नगरपालिका,73,73,बैतडी,7.0,सुदूरपश्चिम प्रदेश
107,228609,निर्मला भट्ट,Nirmala Bhatt,महिला,36,116,1020,कलम,,नेपाल कम्युनिष्ट पार्टी (एकिकृत समाजबादी) ,Nepal Communist Party(Ekakrit Samajbadi),28,,,7,5.0,5720,दशरथचन्द नगरपालिका,73,73,बैतडी,7.0,सुदूरपश्चिम प्रदेश
108,224152,रिता कुमारी धानिक(लुहार),rita kumari dhanik(lohar),महिला,26,1,1,रुख,,नेपाली काँग्रेस,Nepali Congress,523,निर्वाचित,Elected,8,5.0,5720,दशरथचन्द नगरपालिका,73,73,बैतडी,7.0,सुदूरपश्चिम प्रदेश
109,193700,राजु देवी लुहार,Raju Devi Luhar,महिला,56,2,2,सूर्य,,नेपाल कम्युनिष्ट पार्टी (एमाले),Nepal Communist Party (UML),422,,,8,5.0,5720,दशरथचन्द नगरपालिका,73,73,बैतडी,7.0,सुदूरपश्चिम प्रदेश
110,228358,बिनिता कुमारी लुहार,Binita Kumari Luhar,महिला,69,116,1020,कलम,,नेपाल कम्युनिष्ट पार्टी (एकिकृत समाजबादी) ,Nepal Communist Party(Ekakrit Samajbadi),25,,,8,5.0,5720,दशरथचन्द नगरपालिका,73,73,बैतडी,7.0,सुदूरपश्चिम प्रदेश
111,218102,महेन्द्र सिंह कार्की,Mahendra Singh Karki,पुरुष,32,1,1,रुख,,नेपाली काँग्रेस,Nepali Congress,601,निर्वाचित,Elected,5,6.0,5720,दशरथचन्द नगरपालिका,73,73,बैतडी,7.0,सुदूरपश्चिम प्रदेश
112,193868,धन सिह ठगुन्ना,Dhan Singh Thagunna,पुरुष,67,2,2,सूर्य,,नेपाल कम्युनिष्ट पार्टी (एमाले),Nepal Communist Party (UML),569,,,5,6.0,5720,दशरथचन्द नगरपालिका,73,73,बैतडी,7.0,सुदूरपश्चिम प्रदेश
113,178462,भगीरथ चन्द,Bhagirath Chand,पुरुष,47,4,2279,हलो,,राष्ट्रिय प्रजातन्त्र पार्टी,Rastriya Prajatantra Party,35,,,5,6.0,5720,दशरथचन्द नगरपालिका,73,73,बैतडी,7.0,सुदूरपश्चिम प्रदेश
114,266656,नैन सिंह कार्की,Nain Singh Karki,पुरुष,58,116,1020,कलम,,नेपाल कम्युनिष्ट पार्टी (एकिकृत समाजबादी) ,Nepal Communist Party(Ekakrit Samajbadi),26,,,5,6.0,5720,दशरथचन्द नगरपालिका,73,73,बैतडी,7.0,सुदूरपश्चिम प्रदेश
115,218287,रामी चन्द,Rami Chand,पुरुष,64,1,101,दुई रुख,,नेपाली काँग्रेस,Nepali Congress,518,निर्वाचित,Elected,6,6.0,5720,दशरथचन्द नगरपालिका,73,73,बैतडी,7.0,सुदूरपश्चिम प्रदेश
116,194239,खेम राज पन्त,Khem Raj Pant,पुरुष,53,2,2,सूर्य,,नेपाल कम्युनिष्ट पार्टी (एमाले),Nepal Communist Party (UML),516,निर्वाचित,Elected,6,6.0,5720,दशरथचन्द नगरपालिका,73,73,बैतडी,7.0,सुदूरपश्चिम प्रदेश
117,194371,राम नाथ,Ram Nath,पुरुष,50,2,102,दुई सूर्य ,,नेपाल कम्युनिष्ट पार्टी (एमाले),Nepal Communist Party (UML),502,,,6,6.0,5720,दशरथचन्द नगरपालिका,73,73,बैतडी,7.0,सुदूरपश्चिम प्रदेश
118,217899,राजेन्द्र राज जोशी,Rajendra Raj Joshi,पुरुष,53,1,1,रुख,,नेपाली काँग्रेस,Nepali Congress,450,,,6,6.0,5720,दशरथचन्द नगरपालिका,73,73,बैतडी,7.0,सुदूरपश्चिम प्रदेश
119,178419,दिवान सिंह कार्की,Diwan Singh Karki,पुरुष,31,4,2279,हलो,,राष्ट्रिय प्रजातन्त्र पार्टी,Rastriya Prajatantra Party,189,,,6,6.0,5720,दशरथचन्द नगरपालिका,73,73,बैतडी,7.0,सुदूरपश्चिम प्रदेश
120,178522,महेश सिंह थापा,Mahesh Singh Thapa,पुरुष,41,4,2391,दुई वटा हलो,,राष्ट्रिय प्रजातन्त्र पार्टी,Rastriya Prajatantra Party,46,,,6,6.0,5720,दशरथचन्द नगरपालिका,73,73,बैतडी,7.0,सुदूरपश्चिम प्रदेश
121,259442,जमना देवी महर,Jamana Devi Mahar,महिला,44,116,1020,कलम,,नेपाल कम्युनिष्ट पार्टी (एकिकृत समाजबादी) ,Nepal Communist Party(Ekakrit Samajbadi),39,,,6,6.0,5720,दशरथचन्द नगरपालिका,73,73,बैतडी,7.0,सुदूरपश्चिम प्रदेश
122,261985,शंकर दत्त पन्त,Shankar Datt Pant,पुरुष,38,116,2389,दुई वटा कलम,,नेपाल कम्युनिष्ट पार्टी (एकिकृत समाजबादी) ,Nepal Communist Party(Ekakrit Samajbadi),24,,,6,6.0,5720,दशरथचन्द नगरपालिका,73,73,बैतडी,7.0,सुदूरपश्चिम प्रदेश
123,194610,भागरथी देबी कार्की,Bhagarathi Devi Karki,महिला,56,2,2,सूर्य,,नेपाल कम्युनिष्ट पार्टी (एमाले),Nepal Communist Party (UML),578,निर्वाचित,Elected,7,6.0,5720,दशरथचन्द नगरपालिका,73,73,बैतडी,7.0,सुदूरपश्चिम प्रदेश
124,218702,जयन्ती ठगुन्ना,jayanti thaguna,महिला,46,1,1,रुख,,नेपाली काँग्रेस,Nepali Congress,557,,,7,6.0,5720,दशरथचन्द नगरपालिका,73,73,बैतडी,7.0,सुदूरपश्चिम प्रदेश
125,213245,ईश्वरी देवी नाथ,Ishowari Devi Nath,महिला,49,4,2279,हलो,,राष्ट्रिय प्रजातन्त्र पार्टी,Rastriya Prajatantra Party,45,,,7,6.0,5720,दशरथचन्द नगरपालिका,73,73,बैतडी,7.0,सुदूरपश्चिम प्रदेश
126,218488,मिरा महर,Mira Mahar,महिला,47,1,1,रुख,,नेपाली काँग्रेस,Nepali Congress,532,निर्वाचित,Elected,8,6.0,5720,दशरथचन्द नगरपालिका,73,73,बैतडी,7.0,सुदूरपश्चिम प्रदेश
127,194064,मिना महर,Mina Mahar,महिला,32,2,2,सूर्य,,नेपाल कम्युनिष्ट पार्टी (एमाले),Nepal Communist Party (UML),516,,,8,6.0,5720,दशरथचन्द नगरपालिका,73,73,बैतडी,7.0,सुदूरपश्चिम प्रदेश
128,178366,भागरथी महर,Bhagrathi Mahar,महिला,45,4,2279,हलो,,राष्ट्रिय प्रजातन्त्र पार्टी,Rastriya Prajatantra Party,77,,,8,6.0,5720,दशरथचन्द नगरपालिका,73,73,बैतडी,7.0,सुदूरपश्चिम प्रदेश
129,262421,पार्वती टमटा,Parwati Tamata,महिला,34,3,3,गोलाकारभित्र हसिया हथौडा,,नेपाल कम्युनिष्ट पार्टी (माओवादी केन्द्र),Communist Party of Nepal (Maoist-Centre),51,,,8,6.0,5720,दशरथचन्द नगरपालिका,73,73,बैतडी,7.0,सुदूरपश्चिम प्रदेश
130,194803,हरि दत्त बडु,Hari Datta Badu,पुरुष,38,2,2,सूर्य,,नेपाल कम्युनिष्ट पार्टी (एमाले),Nepal Communist Party (UML),361,निर्वाचित,Elected,5,7.0,5720,दशरथचन्द नगरपालिका,73,73,बैतडी,7.0,सुदूरपश्चिम प्रदेश
131,202620,चक्र प्रसाद शर्मा,Chakra Prashad Sharma,पुरुष,47,1,1,रुख,,नेपाली काँग्रेस,Nepali Congress,287,,,5,7.0,5720,दशरथचन्द नगरपालिका,73,73,बैतडी,7.0,सुदूरपश्चिम प्रदेश
132,195061,गणेश् दत्त वडु,Ganesh Datt Badu,पुरुष,31,2,2,सूर्य,,नेपाल कम्युनिष्ट पार्टी (एमाले),Nepal Communist Party (UML),374,निर्वाचित,Elected,6,7.0,5720,दशरथचन्द नगरपालिका,73,73,बैतडी,7.0,सुदूरपश्चिम प्रदेश
133,195369,प्रमानन्द बडू,Pramanand Badu,पुरुष,41,2,102,दुई सूर्य ,,नेपाल कम्युनिष्ट पार्टी (एमाले),Nepal Communist Party (UML),367,निर्वाचित,Elected,6,7.0,5720,दशरथचन्द नगरपालिका,73,73,बैतडी,7.0,सुदूरपश्चिम प्रदेश
134,205105,भानदेव बडु,Bhandev Badu,पुरुष,49,1,101,दुई रुख,,नेपाली काँग्रेस,Nepali Congress,272,,,6,7.0,5720,दशरथचन्द नगरपालिका,73,73,बैतडी,7.0,सुदूरपश्चिम प्रदेश
135,205356,तारा दत्त वडु,Tara Datt Badu,पुरुष,56,1,1,रुख,,नेपाली काँग्रेस,Nepali Congress,269,,,6,7.0,5720,दशरथचन्द नगरपालिका,73,73,बैतडी,7.0,सुदूरपश्चिम प्रदेश
136,194933,माया बोहरा,Maya Bohara,महिला,33,2,2,सूर्य,,नेपाल कम्युनिष्ट पार्टी (एमाले),Nepal Communist Party (UML),365,निर्वाचित,Elected,7,7.0,5720,दशरथचन्द नगरपालिका,73,73,बैतडी,7.0,सुदूरपश्चिम प्रदेश
137,204889,रेवती पाण्डेय(बडू),Rebati Pandey,महिला,29,1,1,रुख,,नेपाली काँग्रेस,Nepali Congress,282,,,7,7.0,5720,दशरथचन्द नगरपालिका,73,73,बैतडी,7.0,सुदूरपश्चिम प्रदेश
138,195531,धाना लुहार,Dhana Lohar,महिला,41,2,2,सूर्य,,नेपाल कम्युनिष्ट पार्टी (एमाले),Nepal Communist Party (UML),397,निर्वाचित,Elected,8,7.0,5720,दशरथचन्द नगरपालिका,73,73,बैतडी,7.0,सुदूरपश्चिम प्रदेश
139,203357,रामा लुहार,Rama Luhar,महिला,42,1,1,रुख,,नेपाली काँग्रेस,Nepali Congress,249,,,8,7.0,5720,दशरथचन्द नगरपालिका,73,73,बैतडी,7.0,सुदूरपश्चिम प्रदेश
140,220663,चामु सिँह थापा,CHAMU SINGH THAPA,पुरुष,56,1,1,रुख,,नेपाली काँग्रेस,Nepali Congress,415,निर्वाचित,Elected,5,8.0,5720,दशरथचन्द नगरपालिका,73,73,बैतडी,7.0,सुदूरपश्चिम प्रदेश
141,199873,जित बहादुर चन्द,Jit Bahadur Chand,पुरुष,62,2,2,सूर्य,,नेपाल कम्युनिष्ट पार्टी (एमाले),Nepal Communist Party (UML),225,,,5,8.0,5720,दशरथचन्द नगरपालिका,73,73,बैतडी,7.0,सुदूरपश्चिम प्रदेश
142,232173,रघुवीर सिंह थापा,Raghubir Singh Thapa,पुरुष,52,116,1020,कलम,,नेपाल कम्युनिष्ट पार्टी (एकिकृत समाजबादी) ,Nepal Communist Party(Ekakrit Samajbadi),85,,,5,8.0,5720,दशरथचन्द नगरपालिका,73,73,बैतडी,7.0,सुदूरपश्चिम प्रदेश
143,239135,चन्द्र देव भट्ट,Chandra Dev Bhatt,पुरुष,42,4,2279,हलो,,राष्ट्रिय प्रजातन्त्र पार्टी,Rastriya Prajatantra Party,80,,,5,8.0,5720,दशरथचन्द नगरपालिका,73,73,बैतडी,7.0,सुदूरपश्चिम प्रदेश
144,258014,प्रकाश राम महर,Praksh Ram Mahar,पुरुष,23,3,3,गोलाकारभित्र हसिया हथौडा,,नेपाल कम्युनिष्ट पार्टी (माओवादी केन्द्र),Communist Party of Nepal (Maoist-Centre),17,,,5,8.0,5720,दशरथचन्द नगरपालिका,73,73,बैतडी,7.0,सुदूरपश्चिम प्रदेश
145,221145,घन श्याम भट्ट,Ghan Shyam Bhatt,पुरुष,35,1,1,रुख,,नेपाली काँग्रेस,Nepali Congress,384,निर्वाचित,Elected,6,8.0,5720,दशरथचन्द नगरपालिका,73,73,बैतडी,7.0,सुदूरपश्चिम प्रदेश
146,220881,तारा सिह बोहरा,Tara Singh Bohara,पुरुष,65,1,101,दुई रुख,,नेपाली काँग्रेस,Nepali Congress,360,निर्वाचित,Elected,6,8.0,5720,दशरथचन्द नगरपालिका,73,73,बैतडी,7.0,सुदूरपश्चिम प्रदेश
147,200862,अमर सिह थापा,Amar Singh Thapa,पुरुष,42,2,2,सूर्य,,नेपाल कम्युनिष्ट पार्टी (एमाले),Nepal Communist Party (UML),255,,,6,8.0,5720,दशरथचन्द नगरपालिका,73,73,बैतडी,7.0,सुदूरपश्चिम प्रदेश
148,201420,गणेश दत्त भट्ट,Ganesh Datt Bhatt,पुरुष,46,2,102,दुई सूर्य ,,नेपाल कम्युनिष्ट पार्टी (एमाले),Nepal Communist Party (UML),246,,,6,8.0,5720,दशरथचन्द नगरपालिका,73,73,बैतडी,7.0,सुदूरपश्चिम प्रदेश
149,232465,पुष्कर सिंह थापा,Puskar Singh Thapa,पुरुष,31,116,2389,दुई वटा कलम,,नेपाल कम्युनिष्ट पार्टी (एकिकृत समाजबादी) ,Nepal Communist Party(Ekakrit Samajbadi),140,,,6,8.0,5720,दशरथचन्द नगरपालिका,73,73,बैतडी,7.0,सुदूरपश्चिम प्रदेश
150,247931,मनोज सिह थापा,Manoj Singh Thapa,पुरुष,44,4,2391,दुई वटा हलो,,राष्ट्रिय प्रजातन्त्र पार्टी,Rastriya Prajatantra Party,82,,,6,8.0,5720,दशरथचन्द नगरपालिका,73,73,बैतडी,7.0,सुदूरपश्चिम प्रदेश
151,232897,कमला दमाई,Kamala Damai,महिला,32,116,1020,कलम,,नेपाल कम्युनिष्ट पार्टी (एकिकृत समाजबादी) ,Nepal Communist Party(Ekakrit Samajbadi),51,,,6,8.0,5720,दशरथचन्द नगरपालिका,73,73,बैतडी,7.0,सुदूरपश्चिम प्रदेश
152,238434,देवी चन्द,Devi Chand,पुरुष,57,4,2279,हलो,,राष्ट्रिय प्रजातन्त्र पार्टी,Rastriya Prajatantra Party,42,,,6,8.0,5720,दशरथचन्द नगरपालिका,73,73,बैतडी,7.0,सुदूरपश्चिम प्रदेश
153,221624,लिला गुरु,Lila Guru,महिला,36,1,1,रुख,,नेपाली काँग्रेस,Nepali Congress,456,निर्वाचित,Elected,7,8.0,5720,दशरथचन्द नगरपालिका,73,73,बैतडी,7.0,सुदूरपश्चिम प्रदेश
154,200380,मन्जु चन्द,Manju Chand,महिला,36,2,2,सूर्य,,नेपाल कम्युनिष्ट पार्टी (एमाले),Nepal Communist Party (UML),208,,,7,8.0,5720,दशरथचन्द नगरपालिका,73,73,बैतडी,7.0,सुदूरपश्चिम प्रदेश
155,245546,पार्वती भट्ट,Parwati Bhatt,महिला,47,4,2279,हलो,,राष्ट्रिय प्रजातन्त्र पार्टी,Rastriya Prajatantra Party,63,,,7,8.0,5720,दशरथचन्द नगरपालिका,73,73,बैतडी,7.0,सुदूरपश्चिम प्रदेश
156,233164,आशा दमाई,Asha Damai,महिला,42,116,1020,कलम,,नेपाल कम्युनिष्ट पार्टी (एकिकृत समाजबादी) ,Nepal Communist Party(Ekakrit Samajbadi),38,,,7,8.0,5720,दशरथचन्द नगरपालिका,73,73,बैतडी,7.0,सुदूरपश्चिम प्रदेश
157,221835,लक्ष्मी देवी महर,Laxmi Devi Mahar,महिला,43,1,1,रुख,,नेपाली काँग्रेस,Nepali Congress,428,निर्वाचित,Elected,8,8.0,5720,दशरथचन्द नगरपालिका,73,73,बैतडी,7.0,सुदूरपश्चिम प्रदेश
158,201111,सीमा देवी महर,Sima Devi Mahar,महिला,50,2,2,सूर्य,,नेपाल कम्युनिष्ट पार्टी (एमाले),Nepal Communist Party (UML),231,,,8,8.0,5720,दशरथचन्द नगरपालिका,73,73,बैतडी,7.0,सुदूरपश्चिम प्रदेश
159,234550,चन्द्रा देवी टमटा,Chandra Devi Tamata,महिला,42,116,1020,कलम,,नेपाल कम्युनिष्ट पार्टी (एकिकृत समाजबादी) ,Nepal Communist Party(Ekakrit Samajbadi),59,,,8,8.0,5720,दशरथचन्द नगरपालिका,73,73,बैतडी,7.0,सुदूरपश्चिम प्रदेश
160,248266,जयन्ती महर,Jayanti Mahar,महिला,27,4,2279,हलो,,राष्ट्रिय प्रजातन्त्र पार्टी,Rastriya Prajatantra Party,48,,,8,8.0,5720,दशरथचन्द नगरपालिका,73,73,बैतडी,7.0,सुदूरपश्चिम प्रदेश
161,199170,मोहन देव जोशी,Mohan Dev Joshi,पुरुष,37,2,2,सूर्य,,नेपाल कम्युनिष्ट पार्टी (एमाले),Nepal Communist Party (UML),724,निर्वाचित,Elected,5,9.0,5720,दशरथचन्द नगरपालिका,73,73,बैतडी,7.0,सुदूरपश्चिम प्रदेश
162,206979,हरी चन्द्र जोशी,Hari Chandra Joshi,पुरुष,47,1,1,रुख,,नेपाली काँग्रेस,Nepali Congress,370,,,5,9.0,5720,दशरथचन्द नगरपालिका,73,73,बैतडी,7.0,सुदूरपश्चिम प्रदेश
163,245845,गंगा  दत्त जोशी ,Ganga  Datt  Joshi ,पुरुष,27,3,3,गोलाकारभित्र हसिया हथौडा,,नेपाल कम्युनिष्ट पार्टी (माओवादी केन्द्र),Communist Party of Nepal (Maoist-Centre),246,,,5,9.0,5720,दशरथचन्द नगरपालिका,73,73,बैतडी,7.0,सुदूरपश्चिम प्रदेश
164,225305,परमानन्द जोशी,Parmanand Joshi,पुरुष,73,4,2279,हलो,,राष्ट्रिय प्रजातन्त्र पार्टी,Rastriya Prajatantra Party,38,,,5,9.0,5720,दशरथचन्द नगरपालिका,73,73,बैतडी,7.0,सुदूरपश्चिम प्रदेश
165,169824,अन्तराम जोशी,Antram Joshi,पुरुष,43,999,2316,पुतली,,स्वतन्त्र,Independent ,15,,,5,9.0,5720,दशरथचन्द नगरपालिका,73,73,बैतडी,7.0,सुदूरपश्चिम प्रदेश
166,253393,चन्द्र देव जोशी,Chandra Dev Joshi,पुरुष,31,116,1020,कलम,,नेपाल कम्युनिष्ट पार्टी (एकिकृत समाजबादी) ,Nepal Communist Party(Ekakrit Samajbadi),10,,,5,9.0,5720,दशरथचन्द नगरपालिका,73,73,बैतडी,7.0,सुदूरपश्चिम प्रदेश
167,198480,गणेश दत्त जोशी,Ganesh Datt Joshi,पुरुष,48,2,2,सूर्य,,नेपाल कम्युनिष्ट पार्टी (एमाले),Nepal Communist Party (UML),686,निर्वाचित,Elected,6,9.0,5720,दशरथचन्द नगरपालिका,73,73,बैतडी,7.0,सुदूरपश्चिम प्रदेश
168,199694,चन्द्रा जोशी(पाण्डेय),Chandra Joshi,महिला,27,2,102,दुई सूर्य ,,नेपाल कम्युनिष्ट पार्टी (एमाले),Nepal Communist Party (UML),652,निर्वाचित,Elected,6,9.0,5720,दशरथचन्द नगरपालिका,73,73,बैतडी,7.0,सुदूरपश्चिम प्रदेश
169,207183,दिपक राज जोशी,Dipak Raj Joshi,पुरुष,32,1,1,रुख,,नेपाली काँग्रेस,Nepali Congress,384,,,6,9.0,5720,दशरथचन्द नगरपालिका,73,73,बैतडी,7.0,सुदूरपश्चिम प्रदेश
170,207350,महादेव जोशी,Mahadev Joshi,पुरुष,66,1,101,दुई रुख,,नेपाली काँग्रेस,Nepali Congress,290,,,6,9.0,5720,दशरथचन्द नगरपालिका,73,73,बैतडी,7.0,सुदूरपश्चिम प्रदेश
171,246191,भुपाल चन्द्र जोशी,Bhupal Chandra Joshi,पुरुष,29,3,3,गोलाकारभित्र हसिया हथौडा,,नेपाल कम्युनिष्ट पार्टी (माओवादी केन्द्र),Communist Party of Nepal (Maoist-Centre),202,,,6,9.0,5720,दशरथचन्द नगरपालिका,73,73,बैतडी,7.0,सुदूरपश्चिम प्रदेश
172,246976,राजेन्द्र राम महर,Rajendra Ram Mahar,पुरुष,28,3,103,दुई गोलाकारभित्र हँसिया हथौडा ,,नेपाल कम्युनिष्ट पार्टी (माओवादी केन्द्र),Communist Party of Nepal (Maoist-Centre),151,,,6,9.0,5720,दशरथचन्द नगरपालिका,73,73,बैतडी,7.0,सुदूरपश्चिम प्रदेश
173,225528,शिव राज जोशी,Shiv Raj Joshi,पुरुष,62,4,2391,दुई वटा हलो,,राष्ट्रिय प्रजातन्त्र पार्टी,Rastriya Prajatantra Party,110,,,6,9.0,5720,दशरथचन्द नगरपालिका,73,73,बैतडी,7.0,सुदूरपश्चिम प्रदेश
174,254675,तर्क राज जोशी,Tark Raj Joshi,पुरुष,47,116,2389,दुई वटा कलम,,नेपाल कम्युनिष्ट पार्टी (एकिकृत समाजबादी) ,Nepal Communist Party(Ekakrit Samajbadi),99,,,6,9.0,5720,दशरथचन्द नगरपालिका,73,73,बैतडी,7.0,सुदूरपश्चिम प्रदेश
175,225069,देवी दत्त जोशी,Devi Datt Joshi,पुरुष,65,4,2279,हलो,,राष्ट्रिय प्रजातन्त्र पार्टी,Rastriya Prajatantra Party,52,,,6,9.0,5720,दशरथचन्द नगरपालिका,73,73,बैतडी,7.0,सुदूरपश्चिम प्रदेश
176,254233,खेम राज जोशी,Khem Raj Joshi,पुरुष,39,116,1020,कलम,,नेपाल कम्युनिष्ट पार्टी (एकिकृत समाजबादी) ,Nepal Communist Party(Ekakrit Samajbadi),43,,,6,9.0,5720,दशरथचन्द नगरपालिका,73,73,बैतडी,7.0,सुदूरपश्चिम प्रदेश
177,199338,वसन्ति जोशी,Basanti Joshi,महिला,35,2,2,सूर्य,,नेपाल कम्युनिष्ट पार्टी (एमाले),Nepal Communist Party (UML),699,निर्वाचित,Elected,7,9.0,5720,दशरथचन्द नगरपालिका,73,73,बैतडी,7.0,सुदूरपश्चिम प्रदेश
178,207538,लक्ष्मी जोशी,Laxmi Joshi,महिला,35,1,1,रुख,,नेपाली काँग्रेस,Nepali Congress,319,,,7,9.0,5720,दशरथचन्द नगरपालिका,73,73,बैतडी,7.0,सुदूरपश्चिम प्रदेश
179,247181,अनिता जोशी,Anita Joshi,महिला,42,3,3,गोलाकारभित्र हसिया हथौडा,,नेपाल कम्युनिष्ट पार्टी (माओवादी केन्द्र),Communist Party of Nepal (Maoist-Centre),199,,,7,9.0,5720,दशरथचन्द नगरपालिका,73,73,बैतडी,7.0,सुदूरपश्चिम प्रदेश
180,225821,जानकी कुमारी भट्ट (जोशी),Janaki Kumari Bhatt(Joshi),महिला,27,4,2279,हलो,,राष्ट्रिय प्रजातन्त्र पार्टी,Rastriya Prajatantra Party,86,,,7,9.0,5720,दशरथचन्द नगरपालिका,73,73,बैतडी,7.0,सुदूरपश्चिम प्रदेश
181,254456,देवकी जोशी,Devaki Joshi,महिला,43,116,1020,कलम,,नेपाल कम्युनिष्ट पार्टी (एकिकृत समाजबादी) ,Nepal Communist Party(Ekakrit Samajbadi),19,,,7,9.0,5720,दशरथचन्द नगरपालिका,73,73,बैतडी,7.0,सुदूरपश्चिम प्रदेश
182,199011,मनिषा लोहार ओड,Manisha Lohar Wod,महिला,22,2,2,सूर्य,,नेपाल कम्युनिष्ट पार्टी (एमाले),Nepal Communist Party (UML),714,निर्वाचित,Elected,8,9.0,5720,दशरथचन्द नगरपालिका,73,73,बैतडी,7.0,सुदूरपश्चिम प्रदेश
183,207969,चम्पा महर,Champa Mahar,महिला,45,1,1,रुख,,नेपाली काँग्रेस,Nepali Congress,328,,,8,9.0,5720,दशरथचन्द नगरपालिका,73,73,बैतडी,7.0,सुदूरपश्चिम प्रदेश
184,247524,अम्बिका सार्की,Ambika Sarki,महिला,24,3,3,गोलाकारभित्र हसिया हथौडा,,नेपाल कम्युनिष्ट पार्टी (माओवादी केन्द्र),Communist Party of Nepal (Maoist-Centre),208,,,8,9.0,5720,दशरथचन्द नगरपालिका,73,73,बैतडी,7.0,सुदूरपश्चिम प्रदेश
185,254851,गीता ओड,Gita Oad,महिला,35,116,1020,कलम,,नेपाल कम्युनिष्ट पार्टी (एकिकृत समाजबादी) ,Nepal Communist Party(Ekakrit Samajbadi),20,,,8,9.0,5720,दशरथचन्द नगरपालिका,73,73,बैतडी,7.0,सुदूरपश्चिम प्रदेश
186,208776,त्रिलोक सिंह बिष्ट,Trilok Singh Bisht,पुरुष,49,1,1,रुख,,नेपाली काँग्रेस,Nepali Congress,226,निर्वाचित,Elected,5,10.0,5720,दशरथचन्द नगरपालिका,73,73,बैतडी,7.0,सुदूरपश्चिम प्रदेश
187,195717,गगन सिंह बिष्ट,Gagan Singh Bisht,पुरुष,57,2,2,सूर्य,,नेपाल कम्युनिष्ट पार्टी (एमाले),Nepal Communist Party (UML),213,,,5,10.0,5720,दशरथचन्द नगरपालिका,73,73,बैतडी,7.0,सुदूरपश्चिम प्रदेश
188,175557,किसन चन्द,Kishan Chand,पुरुष,63,4,2279,हलो,,राष्ट्रिय प्रजातन्त्र पार्टी,Rastriya Prajatantra Party,176,,,5,10.0,5720,दशरथचन्द नगरपालिका,73,73,बैतडी,7.0,सुदूरपश्चिम प्रदेश
189,258190,इन्द्र सिंह बिष्ट,Indra Singh Bisht,पुरुष,47,3,3,गोलाकारभित्र हसिया हथौडा,,नेपाल कम्युनिष्ट पार्टी (माओवादी केन्द्र),Communist Party of Nepal (Maoist-Centre),16,,,5,10.0,5720,दशरथचन्द नगरपालिका,73,73,बैतडी,7.0,सुदूरपश्चिम प्रदेश
190,195961,चाम सिं वुडाल,Cham Singh Budal,पुरुष,46,2,2,सूर्य,,नेपाल कम्युनिष्ट पार्टी (एमाले),Nepal Communist Party (UML),298,निर्वाचित,Elected,6,10.0,5720,दशरथचन्द नगरपालिका,73,73,बैतडी,7.0,सुदूरपश्चिम प्रदेश
191,196544,सुरेश चन्द,Suresh Chand,पुरुष,43,2,102,दुई सूर्य ,,नेपाल कम्युनिष्ट पार्टी (एमाले),Nepal Communist Party (UML),283,निर्वाचित,Elected,6,10.0,5720,दशरथचन्द नगरपालिका,73,73,बैतडी,7.0,सुदूरपश्चिम प्रदेश
192,209161,राकेश सिंह बिष्ट,Rakesh Singh Bista,पुरुष,35,1,101,दुई रुख,,नेपाली काँग्रेस,Nepali Congress,238,,,6,10.0,5720,दशरथचन्द नगरपालिका,73,73,बैतडी,7.0,सुदूरपश्चिम प्रदेश
193,209768,भोज बहादुर चन्द,Bhoj Bahadur Chand,पुरुष,47,1,1,रुख,,नेपाली काँग्रेस,Nepali Congress,217,,,6,10.0,5720,दशरथचन्द नगरपालिका,73,73,बैतडी,7.0,सुदूरपश्चिम प्रदेश
194,176845,जय बहादुर बिष्ट,Jay Bahadur Bisht,पुरुष,68,4,2279,हलो,,राष्ट्रिय प्रजातन्त्र पार्टी,Rastriya Prajatantra Party,92,,,6,10.0,5720,दशरथचन्द नगरपालिका,73,73,बैतडी,7.0,सुदूरपश्चिम प्रदेश
195,177388,माया बिष्ट,Maya Bist,महिला,50,4,2391,दुई वटा हलो,,राष्ट्रिय प्रजातन्त्र पार्टी,Rastriya Prajatantra Party,70,,,6,10.0,5720,दशरथचन्द नगरपालिका,73,73,बैतडी,7.0,सुदूरपश्चिम प्रदेश
196,196312,भुरी देवी बिष्ट,Bhuri Devi Bisht,महिला,53,2,2,सूर्य,,नेपाल कम्युनिष्ट पार्टी (एमाले),Nepal Communist Party (UML),234,निर्वाचित,Elected,7,10.0,5720,दशरथचन्द नगरपालिका,73,73,बैतडी,7.0,सुदूरपश्चिम प्रदेश
197,209417,सोनम मौनी,Sonam Mouny,महिला,25,1,1,रुख,,नेपाली काँग्रेस,Nepali Congress,220,,,7,10.0,5720,दशरथचन्द नगरपालिका,73,73,बैतडी,7.0,सुदूरपश्चिम प्रदेश
198,177248,बिमला बुडाल,Bimala Budal,महिला,33,4,2279,हलो,,राष्ट्रिय प्रजातन्त्र पार्टी,Rastriya Prajatantra Party,150,,,7,10.0,5720,दशरथचन्द नगरपालिका,73,73,बैतडी,7.0,सुदूरपश्चिम प्रदेश
199,209582,पार्वती देवी टमटा,Parwati Devi Tamata,महिला,75,1,1,रुख,,नेपाली काँग्रेस,Nepali Congress,215,निर्वाचित,Elected,8,10.0,5720,दशरथचन्द नगरपालिका,73,73,बैतडी,7.0,सुदूरपश्चिम प्रदेश
200,196174,गोविन्दी देवी लावड,Govindi Devi Labad,महिला,29,2,2,सूर्य,,नेपाल कम्युनिष्ट पार्टी (एमाले),Nepal Communist Party (UML),203,,,8,10.0,5720,दशरथचन्द नगरपालिका,73,73,बैतडी,7.0,सुदूरपश्चिम प्रदेश
201,175414,मथुरा देवी लावड,Mathura Devi Labad,महिला,48,4,2279,हलो,,राष्ट्रिय प्रजातन्त्र पार्टी,Rastriya Prajatantra Party,175,,,8,10.0,5720,दशरथचन्द नगरपालिका,73,73,बैतडी,7.0,सुदूरपश्चिम प्रदेश
202,196733,जय दत्त पन्त,Jaya Datt Pant,पुरुष,35,2,2,सूर्य,,नेपाल कम्युनिष्ट पार्टी (एमाले),Nepal Communist Party (UML),334,निर्वाचित,Elected,5,11.0,5720,दशरथचन्द नगरपालिका,73,73,बैतडी,7.0,सुदूरपश्चिम प्रदेश
203,212404,पद्‌मा दत्त पन्त,Padma Datt Pant,पुरुष,73,1,1,रुख,,नेपाली काँग्रेस,Nepali Congress,295,,,5,11.0,5720,दशरथचन्द नगरपालिका,73,73,बैतडी,7.0,सुदूरपश्चिम प्रदेश
204,255053,कृष्णा देवी भण्डारी,Krishna Devi Bhandari,महिला,41,116,1020,कलम,,नेपाल कम्युनिष्ट पार्टी (एकिकृत समाजबादी) ,Nepal Communist Party(Ekakrit Samajbadi),20,,,5,11.0,5720,दशरथचन्द नगरपालिका,73,73,बैतडी,7.0,सुदूरपश्चिम प्रदेश
205,260988,नरेन्द्र सिंह भण्डारी,Narendra Singh Bhandari,पुरुष,39,4,2279,हलो,,राष्ट्रिय प्रजातन्त्र पार्टी,Rastriya Prajatantra Party,14,,,5,11.0,5720,दशरथचन्द नगरपालिका,73,73,बैतडी,7.0,सुदूरपश्चिम प्रदेश
206,230104,मानी दत्त पन्त,Mani Datt Pant,पुरुष,46,117,2278,ढल्केको छाता,,"जनता समाजवादी पार्टी, नेपाल ",,6,,,5,11.0,5720,दशरथचन्द नगरपालिका,73,73,बैतडी,7.0,सुदूरपश्चिम प्रदेश
207,213971,रतन सिंह भण्डारी,Ratan Singh Bhandari,पुरुष,47,1,101,दुई रुख,,नेपाली काँग्रेस,Nepali Congress,331,निर्वाचित,Elected,6,11.0,5720,दशरथचन्द नगरपालिका,73,73,बैतडी,7.0,सुदूरपश्चिम प्रदेश
208,213675,देव वहादुर चन्द,Dev Bahadur Chand,पुरुष,53,1,1,रुख,,नेपाली काँग्रेस,Nepali Congress,308,निर्वाचित,Elected,6,11.0,5720,दशरथचन्द नगरपालिका,73,73,बैतडी,7.0,सुदूरपश्चिम प्रदेश
209,197023,नरी चन्द,Nari Chand,पुरुष,50,2,2,सूर्य,,नेपाल कम्युनिष्ट पार्टी (एमाले),Nepal Communist Party (UML),278,,,6,11.0,5720,दशरथचन्द नगरपालिका,73,73,बैतडी,7.0,सुदूरपश्चिम प्रदेश
210,197949,शेर सिह भण्डारी,Sher Singh Bhandari,पुरुष,43,2,102,दुई सूर्य ,,नेपाल कम्युनिष्ट पार्टी (एमाले),Nepal Communist Party (UML),250,,,6,11.0,5720,दशरथचन्द नगरपालिका,73,73,बैतडी,7.0,सुदूरपश्चिम प्रदेश
211,257424,मनीराज पन्त,Maniraj Pant,पुरुष,26,116,2389,दुई वटा कलम,,नेपाल कम्युनिष्ट पार्टी (एकिकृत समाजबादी) ,Nepal Communist Party(Ekakrit Samajbadi),28,,,6,11.0,5720,दशरथचन्द नगरपालिका,73,73,बैतडी,7.0,सुदूरपश्चिम प्रदेश
212,252164,हरि दत्त पन्त,Hari Datt Pant,पुरुष,55,4,2391,दुई वटा हलो,,राष्ट्रिय प्रजातन्त्र पार्टी,Rastriya Prajatantra Party,28,,,6,11.0,5720,दशरथचन्द नगरपालिका,73,73,बैतडी,7.0,सुदूरपश्चिम प्रदेश
213,251466,लाल सिंह भण्डारी,Lal Singh Bhandari,पुरुष,50,4,2279,हलो,,राष्ट्रिय प्रजातन्त्र पार्टी,Rastriya Prajatantra Party,27,,,6,11.0,5720,दशरथचन्द नगरपालिका,73,73,बैतडी,7.0,सुदूरपश्चिम प्रदेश
214,255730,बिरदेव पन्त,Birdev Pant,पुरुष,51,116,1020,कलम,,नेपाल कम्युनिष्ट पार्टी (एकिकृत समाजबादी) ,Nepal Communist Party(Ekakrit Samajbadi),20,,,6,11.0,5720,दशरथचन्द नगरपालिका,73,73,बैतडी,7.0,सुदूरपश्चिम प्रदेश
215,213460,आशा चन्द,Aasha Chand,महिला,37,1,1,रुख,,नेपाली काँग्रेस,Nepali Congress,299,निर्वाचित,Elected,7,11.0,5720,दशरथचन्द नगरपालिका,73,73,बैतडी,7.0,सुदूरपश्चिम प्रदेश
216,197765,लक्ष्मी बडु(पन्त),Laxmi Badu(Pant),महिला,29,2,2,सूर्य,,नेपाल कम्युनिष्ट पार्टी (एमाले),Nepal Communist Party (UML),292,,,7,11.0,5720,दशरथचन्द नगरपालिका,73,73,बैतडी,7.0,सुदूरपश्चिम प्रदेश
217,255430,इन्द्रा कुमारी भट्ट/पन्त,Indra Kumari Bhatta/Pant,महिला,28,116,1020,कलम,,नेपाल कम्युनिष्ट पार्टी (एकिकृत समाजबादी) ,Nepal Communist Party(Ekakrit Samajbadi),29,,,7,11.0,5720,दशरथचन्द नगरपालिका,73,73,बैतडी,7.0,सुदूरपश्चिम प्रदेश
218,250644,पार्वती भट्ट \  पन्त,Parvati Bhatt  \ pant,महिला,29,4,2279,हलो,,राष्ट्रिय प्रजातन्त्र पार्टी,Rastriya Prajatantra Party,17,,,7,11.0,5720,दशरथचन्द नगरपालिका,73,73,बैतडी,7.0,सुदूरपश्चिम प्रदेश
219,197552,प्रिंयका कुमारी कोली(दयाल),Priyanka Kumari Koli(Dayal),महिला,23,2,2,सूर्य,,नेपाल कम्युनिष्ट पार्टी (एमाले),Nepal Communist Party (UML),301,निर्वाचित,Elected,8,11.0,5720,दशरथचन्द नगरपालिका,73,73,बैतडी,7.0,सुदूरपश्चिम प्रदेश
220,212736,देवकी देवी दयाल,Devaki Devi Dayal,महिला,35,1,1,रुख,,नेपाली काँग्रेस,Nepali Congress,285,,,8,11.0,5720,दशरथचन्द नगरपालिका,73,73,बैतडी,7.0,सुदूरपश्चिम प्रदेश
221,255986,मैना महर,Maina Mahar,महिला,36,116,1020,कलम,,नेपाल कम्युनिष्ट पार्टी (एकिकृत समाजबादी) ,Nepal Communist Party(Ekakrit Samajbadi),26,,,8,11.0,5720,दशरथचन्द नगरपालिका,73,73,बैतडी,7.0,सुदूरपश्चिम प्रदेश
222,261630,दुरा देवी कोली,Dura Devi Koli,महिला,53,4,2279,हलो,,राष्ट्रिय प्रजातन्त्र पार्टी,Rastriya Prajatantra Party,20,,,8,11.0,5720,दशरथचन्द नगरपालिका,73,73,बैतडी,7.0,सुदूरपश्चिम प्रदेश
